<?xml version="1.0" encoding="UTF-8" standalone="no"?>
<!DOCTYPE hibernate-configuration SYSTEM
        "http://www.hibernate.org/dtd/hibernate-configuration-3.0.dtd">


<hibernate-configuration>
    <session-factory>

        <property name = "hibernate.dialect">
            org.hibernate.dialect.MySQL8Dialect
        </property>

        <property name = "hibernate.connection.driver_class">
            com.mysql.cj.jdbc.Driver
        </property>

        <!-- Assume test is the database name -->

        <property name = "hibernate.connection.url">
            jdbc:mysql://localhost:3306/school
        </property>

        <property name = "hbm2ddl.auto">
            update
        </property>

        <property name = "hibernate.connection.username">
            root
        </property>

        <property name = "hibernate.connection.password">
            @Asha1310
        </property>
        <property name="show_sql">true</property>



    </session-factory>
</hibernate-configuration>