<?xml version="1.0" encoding="UTF-8" standalone="no"?>
<!DOCTYPE hibernate-configuration SYSTEM
        "http://www.hibernate.org/dtd/hibernate-configuration-3.0.dtd">


<hibernate-configuration>
    <session-factory>

        <property name = "hibernate.dialect">
            org.hibernate.dialect.MySQL8Dialect
        </property>

        <property name = "hibernate.connection.driver_class">
            com.mysql.cj.jdbc.Driver
        </property>

        <!-- Assume test is the database name -->

        <property name = "hibernate.connection.url">
            jdbc:mysql://localhost:3306/mapping
        </property>

        <property name = "hbm2ddl.auto">
            update
        </property>

        <property name = "hibernate.connection.username">
            root
        </property>

        <property name = "hibernate.connection.password">
            @Asha1310
        </property>
        <property name="show_sql">true</property>
           
           <mapping class ="hex.mapping.hex.mappingExample.Address" />
           
           <mapping class ="hex.mapping.hex.mappingExample.Student" />

           <mapping class ="hex.mapping.hex.mappingExample.Author" />
           <mapping class ="hex.mapping.hex.mappingExample.Book" />
           
            <mapping class ="hex.mapping.hex.mappingExample.Employee" />
             <mapping class ="hex.mapping.hex.mappingExample.Department" />
             <mapping class ="hex.mapping.hex.mappingExample.Account" />
             <mapping class ="hex.mapping.hex.mappingExample.Customer" />
             

    </session-factory>
</hibernate-configuration>